,shrimp,V1
1,almonds,,cake,eggs,eggs,french wine,eggs,pancakes,french wine,eggs,cookies,
2,antioxydant juice,escalope,chocolate,,mint green tea,,chocolate,french fries,brownies,,,escalope,chocolate,green tea,,french fries,,,french fries
3,asparagus,salad,,
4,avocado,muffins,oil,light mayo,energy bar,chocolate,,milk,honey,butter,white wine,champagne,frozen smoothie,green grapes,almonds,soda,eggs,,eggs,energy bar,milk,,black tea,spinach,milk,frozen smoothie,vegetables mix,,yogurt cake,milk,brownies,,whole wheat rice,milk,french fries,milk,cider,yogurt cake,black tea,,,eggs,cottage cheese,frozen smoothie,cider,vegetables mix,escalope,cake,champagne,eggs,chocolate,zucchini,butter,energy bar,champagne,energy drink,green grapes,cookies
5,babies food,,,,fresh bread,
6,bacon,eggs,honey,rice,light mayo,eggs,
7,barbecue sauce,french fries,,
8,black tea,french wine,,french fries,,eggs,muffins,green tea,vegetables mix,chicken
9,blueberries,champagne,clothes accessories,,
10,body spray,yogurt cake
11,bramble,zucchini,,
12,brownies,,,,,,yogurt cake,,,energy drink,,yogurt cake,,low fat yogurt,,,,,,,,,pancakes,
13,bug spray,hot dogs,clothes accessories,light mayo,hot dogs,,protein bar
14,burger sauce,oil,escalope
15,burgers,meatballs,grated cheese,black tea,escalope,spaghetti,grated cheese,french fries,herb & pepper,almonds,herb & pepper,oil,tomatoes,shrimp,mineral water,,grated cheese,eggs,chocolate,shrimp,ham,dessert wine,frozen vegetables,mineral water,fresh tuna,fresh tuna,spaghetti,turkey,mineral water,eggs,salt,ham,pepper,ground beef,ham,mineral water,turkey,spaghetti,escalope,ground beef,frozen vegetables,eggs,herb & pepper,pancakes,grated cheese,chocolate,eggs,fresh tuna,parmesan cheese,eggs,shrimp,chocolate,shrimp,soup,ground beef,mineral water,frozen vegetables,parmesan cheese,spaghetti,red wine,ground beef,shrimp,milk,ham,shrimp,red wine,shrimp,mineral water,ham,ham,bacon,frozen vegetables,spaghetti,ham,grated cheese,milk,tomatoes,french wine,pancakes,brownies,mineral water,mineral water,eggs,flax seed,meatballs,tomatoes,ground beef,,cream,butter,honey,,spaghetti,shrimp,eggs,spaghetti,spaghetti,ground beef,ground beef,mineral water,frozen vegetables,ham,grated cheese,mineral water,tomatoes,strong cheese,mineral water,bacon,ham,ham,chocolate,frozen vegetables,chocolate,spaghetti,fresh tuna,tomatoes,whole wheat pasta,,grated cheese,avocado,chocolate,shrimp,tomatoes,cake,ground beef,chocolate,ground beef,eggs,eggs,fresh tuna,mineral water,herb & pepper,ham,shrimp,red wine,shrimp,whole wheat rice,dessert wine,fresh tuna,tomatoes,spaghetti,shrimp,tomatoes,grated cheese,eggs,grated cheese,green tea,,,red wine,grated cheese,shrimp,eggs,spaghetti,,olive oil,tomatoes,,herb & pepper,grated cheese,tomatoes,frozen vegetables,spaghetti,french fries,shrimp,shrimp,fresh tuna,milk,grated cheese,escalope,shrimp,eggs,spaghetti,milk,turkey,dessert wine,milk,eggs,eggs,frozen vegetables,almonds,pepper,fresh tuna,ham,eggs,pickles,escalope,ground beef,mineral water,butter,mineral water,fresh tuna,herb & pepper,herb & pepper,spaghetti,ground beef,shrimp,spaghetti,pancakes,eggs,ham,whole wheat rice,yams,fresh tuna,mineral water,spaghetti,ham,,mineral water,red wine,,fresh tuna,mineral water,tomatoes,spaghetti,spaghetti,grated cheese,herb & pepper,grated cheese,red wine,frozen vegetables,frozen vegetables,mineral water,meatballs,frozen vegetables,cooking oil,turkey,tomatoes,red wine,champagne,black tea,mineral water,milk,parmesan cheese,frozen vegetables,champagne,energy bar,chicken,milk,tomatoes,frozen vegetables,ground beef,black tea,ground beef,almonds,,frozen vegetables,frozen vegetables,spaghetti,ham,hot dogs,ground beef,chocolate,shrimp,french fries,whole wheat rice,milk,herb & pepper,french fries,ground beef,butter,salmon,tomatoes,black tea,mineral water,low fat yogurt,turkey,energy bar,shrimp,cookies,mineral water,red wine,frozen vegetables,tomatoes,fresh tuna,tomatoes,red wine,frozen vegetables,mineral water,shrimp,,ground beef,shrimp,,cake,ground beef,ground beef,fresh tuna,chocolate,mineral water,eggs,chocolate,shrimp,fresh tuna,chocolate,butter,fresh tuna,herb & pepper,ground beef,eggs,mineral water,red wine,frozen vegetables,french fries,milk,ground beef,eggs,shallot,shrimp,cottage cheese,shrimp,red wine,french wine,frozen vegetables,butter,eggs,french fries,milk,mineral water,milk,carrots,grated cheese,spaghetti,spaghetti,eggs,black tea,ham,energy bar,champagne,salmon,eggs,spaghetti,energy bar,ham,eggs,spaghetti,ham,red wine,ham,mineral water,mineral water,frozen vegetables,ham,chocolate,mineral water,pancakes,milk,vegetables mix,tomatoes,fresh tuna,frozen vegetables,butter,eggs,,spaghetti,mineral water,low fat yogurt,frozen vegetables,frozen vegetables,ham,ham,whole wheat pasta,cider,tomatoes,chocolate,spaghetti,mineral water,ground beef,grated cheese,grated cheese,chocolate,french fries,soup,almonds,tomatoes,ground beef,frozen vegetables,chocolate,ham,eggs,frozen vegetables,grated cheese,ham,mineral water,shrimp,ground beef,chocolate,spaghetti,mint,ground beef,chocolate,shrimp,spaghetti,herb & pepper,yams,herb & pepper,ground beef,spaghetti,milk,,red wine,red wine,mineral water,spaghetti,yams,eggs,eggs,shrimp,,energy drink,mineral water,shrimp,champagne,frozen vegetables,grated cheese,honey,grated cheese,ham,grated cheese,spaghetti,herb & pepper,eggs,herb & pepper,french fries,whole wheat pasta,herb & pepper,,,eggs,chocolate,cider,ground beef,frozen vegetables,pepper,grated cheese,soup,tomatoes,milk,grated cheese,cake,french fries,spaghetti,corn,chocolate,avocado,spaghetti,fresh tuna,ham,mineral water,ground beef,shrimp,french fries,mineral water,shrimp,eggs,cider,spaghetti,shrimp,eggs,butter,ground beef,ham,ham,shrimp,spaghetti,sandwich,spaghetti,frozen vegetables,almonds,spaghetti,frozen vegetables,cake,almonds,ground beef,eggs,frozen vegetables,herb & pepper,turkey,ground beef,mineral water,eggs,milk,red wine,spaghetti,fresh tuna,tomatoes,milk,whole wheat rice,eggs,mineral water,energy bar,fresh tuna,energy bar,spaghetti,eggs,milk,butter,shrimp,french fries,tomatoes,eggs,mineral water,pickles,spaghetti,almonds,eggs,frozen vegetables,french wine,tomatoes,eggs,whole wheat pasta,eggs,frozen vegetables,mineral water,,eggs,,mineral water,eggs,fromage blanc,spaghetti,shrimp,shrimp,shrimp,ground beef,mushroom cream sauce,yams,tomatoes,red wine,black tea,grated cheese,mineral water,eggs,fresh tuna,frozen vegetables,ham,spaghetti,eggs,fresh tuna,ground beef,eggs,herb & pepper,red wine,french fries,fresh tuna,frozen vegetables,eggs,french wine,grated cheese,spaghetti,eggs,escalope,french fries,eggs,eggs,spaghetti,fresh tuna,ground beef,red wine,whole wheat pasta,mineral water,mineral water,shrimp,eggs,french fries,tomatoes,shrimp,grated cheese,eggs,herb & pepper,frozen vegetables,parmesan cheese,shrimp,ham,eggs,salmon,frozen vegetables
16,butter,green tea,green grapes,bug spray,chocolate,burger sauce,pancakes,mint green tea,french fries,green tea,,cake,,bacon,tomato juice,cooking oil,pancakes,muffins,chocolate,cookies,chicken,chocolate,,shallot,chocolate,eggs,whole wheat rice,extra dark chocolate,escalope,low fat yogurt,eggs,whole wheat rice,flax seed,,barbecue sauce,chicken,french fries,pancakes,muffins,chocolate,whole wheat rice,,tomato juice,cookies,chocolate,flax seed,,,eggs,chicken,,energy drink,light mayo
17,cake,frozen smoothie,,chocolate,cookies,green tea,,,french fries,,chicken,cottage cheese,,french fries,,,french fries,french fries,hot dogs,cookies,french fries,,mint green tea,french fries,toothpaste,frozen smoothie,,,barbecue sauce,french fries,low fat yogurt,french fries,french fries,chicken,french fries,french fries,,,,chicken,pancakes,,yogurt cake,,cookies,cookies,french fries,,mint,chocolate,,french fries,oil,,cottage cheese,chocolate,gums,mint green tea,cooking oil,french fries,,green tea,french fries,cookies,french fries,,french fries,oatmeal,french fries,,french fries,,cottage cheese,,body spray,french fries,french fries,,,escalope,ketchup,cookies,pancakes,carrots,french fries,yogurt cake,,french fries,cookies,,french fries,french fries,escalope,,,oil,french fries,cooking oil,french fries
18,candy bars,,,,,,,,,green tea,,,,,honey,,,,,,,,,,,
19,carrots,green tea,eggplant,
20,cauliflower,
21,cereals,salt,french fries,pancakes,pancakes,chocolate,green tea,brownies,,yogurt cake,protein bar,chocolate,cookies,low fat yogurt,champagne,champagne,,,,cookies,antioxydant juice,champagne,salad,cookies,french fries,french fries
22,champagne,low fat yogurt,,protein bar,,,,,,body spray,,,,cookies,,hot dogs,,yogurt cake,,cookies,,energy drink,,,frozen smoothie,,,,,mushroom cream sauce,,,fresh bread,,,,,,,,cookies,white wine,,,cookies,brownies,fresh bread,,,,yogurt cake,pancakes,,pancakes,,,,,,,,,,,
23,chicken,eggs,french fries,chocolate,cider,,tomato juice,cooking oil,eggs,,white wine,rice,french fries,,honey,muffins,cookies,chocolate,,,eggs,brownies,,frozen smoothie,oil,eggs,muffins,,champagne,green tea,cider,eggs,eggs,yogurt cake,,green tea,energy drink,eggs,fromage blanc,whole wheat rice,,whole wheat rice,eggs,soda,
24,chili,french fries,,green beans,green beans,babies food
25,chocolate,milk,frozen smoothie,milk,,tomatoes,shrimp,milk,champagne,mineral water,body spray,,,,,milk,french fries,cookies,cookies,champagne,green tea,,escalope,light mayo,frozen smoothie,cake,french fries,red wine,,herb & pepper,light mayo,pepper,french fries,pepper,spaghetti,butter,parmesan cheese,,french fries,red wine,spaghetti,grated cheese,french fries,grated cheese,rice,,eggs,french fries,french fries,french fries,spaghetti,cookies,mint,french fries,grated cheese,escalope,grated cheese,french fries,frozen vegetables,whole wheat pasta,,red wine,mushroom cream sauce,frozen smoothie,ground beef,spaghetti,milk,frozen vegetables,mineral water,brownies,,mineral water,spaghetti,milk,mineral water,spaghetti,,escalope,asparagus,pancakes,eggs,champagne,olive oil,,shrimp,shallot,,cake,frozen vegetables,spaghetti,fresh bread,yogurt cake,olive oil,cooking oil,honey,herb & pepper,,grated cheese,cookies,shrimp,frozen smoothie,,red wine,red wine,herb & pepper,,milk,,french fries,almonds,spaghetti,,,pancakes,french fries,oil,,,shrimp,champagne,chicken,,tomatoes,spaghetti,pepper,shrimp,herb & pepper,cottage cheese,butter,mineral water,french fries,fresh bread,french fries,champagne,,milk,,muffins,french fries,,french fries,ground beef,,soup,grated cheese,soup,spaghetti,french fries,escalope,,spaghetti,herb & pepper,,escalope,,french fries,,frozen vegetables,cookies,,champagne,olive oil,frozen smoothie,grated cheese,light mayo,frozen smoothie,,frozen vegetables,whole wheat rice,cookies,,oil,french fries,,frozen vegetables,champagne,champagne,ground beef,herb & pepper,bacon,,,champagne,milk,,ground beef,red wine,red wine,tomatoes,frozen vegetables,,red wine,,spaghetti,chili,shrimp,shallot,shrimp,champagne,grated cheese,spaghetti,champagne,shrimp,tomatoes,whole wheat pasta,shrimp,herb & pepper,cookies,french fries,french fries,,herb & pepper,grated cheese,,,,,escalope,almonds,almonds,french fries,,,mineral water,,,fresh bread,frozen smoothie,,,ground beef,mushroom cream sauce,light mayo,frozen vegetables,avocado,frozen vegetables,honey,,ground beef,grated cheese,milk,cider,tomatoes,milk,,low fat yogurt,french fries,red wine,cookies,herb & pepper,,frozen vegetables,low fat yogurt,parmesan cheese,whole wheat rice,salmon,cookies,mineral water,milk,red wine,red wine,zucchini,turkey,spaghetti,french fries,,french fries,french wine,spaghetti,ground beef,ground beef,french fries,,herb & pepper,champagne,ground beef,milk,,spaghetti,soup,,shrimp,spaghetti,french fries,,mineral water,honey,shrimp,,muffins,yogurt cake,babies food,tomatoes,frozen smoothie,french fries,salmon,champagne,french fries,eggs,red wine,mineral water,red wine,zucchini,,spaghetti,french fries,escalope,soup,french fries,french fries,french fries,herb & pepper,french fries,ground beef,ground beef,french fries,spaghetti,tomato sauce,champagne,almonds,herb & pepper,parmesan cheese,whole wheat pasta,,energy bar,yogurt cake,mineral water,muffins,,french fries,french fries,cookies,mineral water,mushroom cream sauce,champagne,frozen vegetables,cider,grated cheese,spaghetti,parmesan cheese,ground beef,salmon,frozen vegetables,spaghetti,,shrimp,almonds,grated cheese,,cottage cheese,,french fries,frozen vegetables,cake,cake,ground beef,,,escalope,pancakes,cake,cookies,french fries,escalope,salmon,escalope,ground beef,milk,ground beef,cookies,,mineral water,eggs,,spaghetti,spaghetti,spaghetti,cottage cheese,whole wheat pasta,grated cheese,,herb & pepper,,ground beef,escalope,frozen vegetables,grated cheese,shrimp,grated cheese,shrimp,,escalope
26,chocolate bread,hand protein bar,mushroom cream sauce,yogurt cake
27,chutney,,eggs,chocolate,escalope,,eggs,vegetables mix
28,cider,eggs,cake,frozen smoothie,eggs,eggs,french fries,honey,eggs,champagne,eggs,
29,clothes accessories,,french fries,magazines,cookies,,cookies,antioxydant juice,protein bar,chocolate
30,cookies,,,,,,,,,,,,,,,,,,,,,,,,,,shallot,,,,,yogurt cake,,,,,,,,,,,hot dogs,,,,water spray,,,,,,,,,,green tea,low fat yogurt,,yogurt cake,,,,pasta,,,,,,,light mayo,,,,honey,,,,,,,hot dogs,,,,,,,,,,,babies food,,low fat yogurt,,,,,honey,,,,,,,,,energy drink,,,,,,,,,champagne,green tea,green tea,low fat yogurt,,,,low fat yogurt,,,,,,,,,,,,,mushroom cream sauce,,,,,,honey,,,,,,,,,,strawberries,,,,,,low fat yogurt,,,,,,,,,low fat yogurt,,,,,honey,,,,energy drink,,,,,,,green tea,,,,,,brownies,energy drink,,,,,,,low fat yogurt,,,,honey,,,,,,green tea,,,,,,,green tea,,energy drink,,champagne,pancakes,,,,,,,,,,mushroom cream sauce,,low fat yogurt,,,hot dogs,,,,,,,,,,,,,,,brownies,,,green tea,,energy drink,mushroom cream sauce,,hot dogs,,,,mushroom cream sauce,,,,,,,,energy drink
31,cooking oil,tomato juice,,,,fresh bread,,champagne,frozen smoothie,,french fries,frozen smoothie,light mayo,champagne,champagne,cottage cheese,french fries,carrots,,,cottage cheese,toothpaste
32,corn,
33,cottage cheese,,,,,,mint,,,light mayo,mayonnaise,,low fat yogurt,,brownies,low fat yogurt,,protein bar
34,cream,
35,dessert wine,frozen vegetables,herb & pepper,burgers,grated cheese,mineral water,eggs,herb & pepper,ground beef,whole wheat rice,mineral water,shrimp,tomatoes,chocolate,ground beef,ground beef,mineral water,ground beef,frozen vegetables,mineral water,avocado,grated cheese,mineral water,,tomatoes,mineral water,herb & pepper,soup,frozen vegetables
36,eggplant,,cookies
37,eggs,pet food,,cookies,strawberries,cake,french fries,eggplant,escalope,whole wheat rice,low fat yogurt,,whole wheat rice,cake,french fries,,french fries,,corn,cookies,cake,escalope,eggplant,french fries,french fries,,low fat yogurt,cookies,,,green tea,french fries,low fat yogurt,mushroom cream sauce,french fries,green tea,cottage cheese,,eggplant,champagne,mushroom cream sauce,green tea,,whole wheat rice,brownies,pasta,,chocolate,,french fries,french fries,,,eggplant,,cookies,cooking oil,,,french fries,,french fries,,french fries,low fat yogurt,,frozen smoothie,ham,chocolate,whole wheat rice,burger sauce,chicken,french fries,whole weat flour,cookies,escalope,honey,champagne,mashed potato,tea,low fat yogurt,yogurt cake,cookies,chocolate,cake,french fries,frozen smoothie,french fries,,soda,french fries,,french fries,whole wheat rice,,cookies,green tea,,cake,french fries,chocolate,,cake,french fries,,whole wheat rice,honey,,french fries,,rice,escalope,mint,carrots,oil,,whole wheat rice,chocolate,,hot dogs,,,french fries,,whole wheat rice,honey,honey,,cake,,frozen smoothie,green tea,green tea,french fries,mushroom cream sauce,,french fries,,extra dark chocolate,strawberries,,,escalope,light mayo,,honey,whole wheat rice,,,cake,,,,french fries,chocolate,,green tea,cookies,pet food,white wine,cake,green tea,mushroom cream sauce,whole wheat rice,french fries,chicken,,french fries,cake,ham,whole wheat rice,carrots,cake,,french fries,honey,,cake,cake,whole wheat rice,,,,cooking oil,cooking oil,,eggplant,frozen smoothie,,frozen smoothie,,cookies,green tea,,,energy drink,,chocolate,,,,,,chocolate,french fries,,cookies,rice,,champagne,chocolate,french fries,,,whole wheat rice,,cookies,blueberries,escalope,,,,chocolate,,,eggplant,low fat yogurt,whole wheat rice,,pet food,cooking oil,fresh bread,chocolate,green tea,whole wheat rice,,,cake,white wine,,,pasta,cookies,,,escalope,french fries,,,cookies,whole wheat rice,,chocolate,escalope,cooking oil,,french fries,white wine,,french fries,escalope,,escalope,cooking oil,,,french fries,french fries,,french fries,french fries,french fries,,cookies,eggplant,mushroom cream sauce,,french fries,whole wheat rice,frozen smoothie
38,energy bar,french fries,,energy drink,eggs,,cake,eggs,eggs,eggs,cake,chocolate,french fries,,cake,eggs,,black tea,eggs,brownies,,fromage blanc,honey,,brownies,,,salmon,cottage cheese,,cottage cheese,,french fries,salmon,chicken,vegetables mix,champagne,chocolate bread,pancakes,,candy bars,eggs,,low fat yogurt,butter,,energy drink,chocolate,whole wheat rice,,cereals,chicken,,,energy drink,,cake,,,,pancakes,,eggs,chicken,nonfat milk,,eggs,eggs
39,energy drink,,,,,,,,,,,mayonnaise,,,,,,,
40,escalope,,,pasta,,pasta,,,,,,,,,green tea,pasta,pasta,mint,,,,,,,,pasta,,green tea,,,cookies,cookies,,,,,,,,shallot,low fat yogurt,,pasta,,,champagne,,,,pancakes,,,pasta,,green tea,pancakes,pasta,,,,pasta,pasta,,pasta,fresh bread,,,,,,,green tea,,,,,,shallot,,,pasta,,honey,,,low fat yogurt,,,,,pasta,,,,,zucchini,,,,low fat yogurt,,,pasta,,,,,cookies,low fat yogurt,,pasta,,,,,,pasta,,,,,mushroom cream sauce,,,pasta,,,,,,,,,,,pasta,,,pasta,,,pasta,,green tea
41,extra dark chocolate,,,green tea,mashed potato,french fries,green tea,,champagne
42,flax seed,chocolate,green tea,cake,green tea,green tea,french fries,eggs,cooking oil,eggs,french fries,cake,eggs,eggs,cake,chocolate,green tea,,green tea
43,french fries,,escalope,,,yogurt cake,,,strawberries,champagne,,cookies,champagne,,,,salad,,,,low fat yogurt,,cookies,green tea,escalope,champagne,light mayo,,cookies,hand protein bar,pancakes,,frozen smoothie,,,frozen smoothie,,brownies,champagne,,cottage cheese,,mayonnaise,cookies,,,,,cookies,,pancakes,,,,escalope,,,,pancakes,energy drink,cookies,tomato juice,,,,,strawberries,,frozen smoothie,champagne,,pancakes,,green tea,,escalope,,,frozen smoothie,,,energy drink,,,,yogurt cake,hot dogs,frozen smoothie,,frozen smoothie,cookies,yogurt cake,,escalope,,,pancakes,,,yogurt cake,cookies,,,escalope,gluten free bar,cookies,,,,,,,,,,,light mayo,,escalope,,energy drink,,,magazines,pancakes,,,protein bar,cookies,cookies,,cottage cheese,,,,escalope,cottage cheese,,escalope,,,escalope,brownies,,,,energy drink,,strawberries,,shallot,hot dogs,,,,,cookies,,,escalope,escalope,escalope,,,,,,light mayo,,,escalope,protein bar,champagne,,,,melons,,frozen smoothie,,escalope,zucchini,protein bar,champagne,frozen smoothie,,energy drink,,cookies,,,body spray,,,,cottage cheese,escalope,,strawberries,,,champagne,,,frozen smoothie,,,,hot dogs,,pancakes,,,energy drink,cookies,,,,,escalope,,,escalope,,cookies,frozen smoothie,yogurt cake,escalope,,,,yogurt cake,,pancakes,pancakes,,champagne,yogurt cake,,mashed potato,,cookies,champagne,frozen smoothie,pancakes
44,french wine,eggs,cake,eggs,low fat yogurt,french fries,honey,honey,,cake,pet food,rice,toothpaste,bug spray,eggs,rice,,cake,vegetables mix
45,fresh bread,white wine,,,white wine,,,,,,,,,,
46,fresh tuna,frozen vegetables,mineral water,spaghetti,shrimp,tomatoes,barbecue sauce,eggs,mineral water,spaghetti,turkey,chocolate,herb & pepper,chocolate,mineral water,frozen vegetables,red wine,parmesan cheese,eggs,mineral water,frozen vegetables,avocado,mineral water,spaghetti,tomatoes,tomatoes,herb & pepper,eggs,grated cheese,chocolate,herb & pepper,mineral water,frozen vegetables,spaghetti,mineral water,mineral water,pepper,,eggs,herb & pepper,tomatoes,pancakes,shrimp,red wine,shrimp,grated cheese,mineral water,spaghetti,eggs,ham,olive oil,frozen vegetables,ground beef,ham,spaghetti,shrimp,frozen vegetables,spaghetti,spinach,ham,chocolate,ground beef,frozen vegetables,shrimp,soup,mineral water,ground beef,herb & pepper,pancakes,frozen vegetables,grated cheese,butter,mineral water,frozen vegetables,spaghetti,mineral water,pepper,ground beef,almonds,shrimp,fromage blanc,frozen vegetables,,mineral water,mineral water,turkey,herb & pepper,chocolate,chocolate,herb & pepper,frozen vegetables,tomatoes,frozen vegetables,mineral water,butter,,milk,mineral water,ground beef,ground beef,spaghetti,eggs,herb & pepper,frozen vegetables,pickles,milk,chocolate,mineral water,mineral water,frozen vegetables,ground beef,red wine,grated cheese,mineral water,tomatoes,herb & pepper,french wine,whole wheat pasta,ground beef,mineral water,,tomatoes,olive oil,frozen vegetables,spaghetti,,frozen vegetables,whole wheat pasta,parmesan cheese,parmesan cheese
47,fromage blanc,mushroom cream sauce,eggs,,eggs,ketchup,french fries,honey,eggs,eggs,french fries,chocolate,whole wheat rice,,escalope
48,frozen smoothie,,cottage cheese,,,,,,,hot dogs,strawberries,body spray,,,,melons,cottage cheese,,,mint,brownies,,,tomato juice,pancakes,,,,,pancakes,,,mint
49,frozen vegetables,spaghetti,spaghetti,strong cheese,whole wheat pasta,tomatoes,cooking oil,ground beef,yams,french fries,mineral water,milk,mineral water,ground beef,meatballs,spaghetti,spaghetti,spaghetti,tomatoes,spaghetti,mineral water,ground beef,soup,ground beef,pancakes,spaghetti,soup,,pepper,cider,mineral water,cake,mineral water,mineral water,soup,whole wheat pasta,mineral water,spaghetti,ground beef,low fat yogurt,parmesan cheese,ground beef,oil,cake,tomatoes,mineral water,tomatoes,spaghetti,spaghetti,spaghetti,rice,spaghetti,mineral water,almonds,tomatoes,avocado,tomatoes,mineral water,tomatoes,salmon,mineral water,spaghetti,ground beef,chocolate,whole wheat pasta,tomatoes,low fat yogurt,spaghetti,whole wheat pasta,whole wheat pasta,mineral water,ground beef,,cake,parmesan cheese,,tomatoes,milk,fresh bread,parmesan cheese,tomatoes,mineral water,eggs,mineral water,almonds,tomatoes,ground beef,tomatoes,tomatoes,whole wheat pasta,escalope,spaghetti,spaghetti,spaghetti,parmesan cheese,spaghetti,spaghetti,chicken,tomatoes,soda,spaghetti,spaghetti,whole wheat pasta,chocolate,eggs,spaghetti,cereals,tomatoes,tomato sauce,mineral water,eggs,mineral water,parmesan cheese,light mayo,mineral water,pepper,pancakes,,spaghetti,ground beef,spaghetti,tomatoes,vegetables mix,spaghetti,tomatoes,tomatoes,avocado,mineral water,whole wheat pasta,spaghetti,whole wheat pasta,parmesan cheese,tomatoes,spaghetti,mineral water,spaghetti,butter,milk,spaghetti,vegetables mix,ground beef,mineral water,parmesan cheese,muffins,ground beef,tomatoes,milk,milk,parmesan cheese,tomatoes,mineral water,mineral water,ground beef,,ground beef,eggs,tomatoes,chicken,spaghetti,ground beef,eggs,green tea,milk,tomatoes,spaghetti,tomatoes,,spaghetti,tomatoes,eggs,spaghetti,avocado,ground beef,chocolate,strawberries,,whole wheat pasta,spaghetti,mineral water,tomatoes,parmesan cheese,whole wheat pasta,ground beef,mineral water,mineral water,butter,parmesan cheese,tomatoes,ground beef,fromage blanc,spaghetti,tomatoes,mineral water,frozen smoothie,muffins,milk,avocado,milk,mineral water,whole wheat pasta,whole wheat rice,tomatoes,ground beef,whole wheat pasta,whole wheat rice,,tomatoes,chocolate,tomatoes,whole wheat rice,olive oil,spaghetti,eggs,melons,tomatoes,milk,spaghetti,avocado,tomatoes,mineral water,mineral water,avocado,spaghetti,tomatoes,ground beef,olive oil,mineral water,mineral water,tomatoes,chocolate,tomatoes,mineral water,spaghetti,ground beef,chocolate,milk,,olive oil,mineral water,soup,whole wheat pasta,spaghetti,eggs,ground beef,mineral water,tomatoes,mineral water,oil,spaghetti,spaghetti,spaghetti,parmesan cheese,ground beef,tomatoes,milk,milk,spaghetti,spaghetti,milk,spaghetti,yams,ground beef,mineral water,mineral water,tomatoes,,avocado,barbecue sauce,milk,spaghetti,milk,meatballs,,french fries,avocado,,milk,spaghetti,spaghetti,tomatoes,melons,green tea,cottage cheese,whole wheat rice,flax seed,milk,tomatoes,ground beef,tomatoes,milk,spaghetti,,,spaghetti,tomatoes,milk,chocolate,mineral water,mineral water,tomatoes,milk,ground beef,mineral water,milk,spaghetti,,carrots,mineral water,eggs,french fries,mineral water,ground beef,,green grapes,tomatoes,mineral water,eggs,,milk,mineral water,meatballs,pepper,french wine,green grapes,spaghetti,mineral water,escalope,soup,ground beef,tomatoes,mineral water,tomatoes,ground beef,ground beef,mineral water,mineral water,mineral water,,french fries,cake,ketchup,,eggs,tomatoes,brownies,milk,parmesan cheese,tomatoes,tomatoes,mineral water,ground beef,mineral water,rice,ground beef,energy bar,whole wheat pasta,mineral water,pepper,parmesan cheese,vegetables mix,mineral water,ground beef,mineral water,tomatoes,white wine,mineral water,chocolate,honey,milk,mineral water,mineral water,meatballs,tomatoes,french wine
50,gluten free bar,,,,,
51,grated cheese,herb & pepper,ground beef,spaghetti,whole wheat pasta,,shrimp,herb & pepper,muffins,pepper,spaghetti,herb & pepper,tomatoes,frozen vegetables,tomatoes,mineral water,mineral water,butter,frozen vegetables,herb & pepper,ground beef,mineral water,parmesan cheese,herb & pepper,whole wheat pasta,shrimp,frozen vegetables,spaghetti,herb & pepper,frozen vegetables,shrimp,mineral water,tomato sauce,muffins,,vegetables mix,spaghetti,frozen vegetables,mineral water,mineral water,ground beef,,ground beef,shrimp,herb & pepper,herb & pepper,butter,whole wheat rice,red wine,spaghetti,eggplant,herb & pepper,pepper,spaghetti,pepper,shrimp,honey,chocolate,mineral water,tomatoes,red wine,frozen vegetables,ground beef,tomatoes,whole wheat pasta,spaghetti,spinach,pepper,frozen vegetables,,mineral water,herb & pepper,herb & pepper,avocado,ground beef,ground beef,red wine,cereals,herb & pepper,spaghetti,tomato sauce,eggs,energy bar,red wine,herb & pepper,,,chocolate,frozen vegetables,,shrimp,spaghetti,red wine,chicken,frozen vegetables,salmon,ground beef,spaghetti,milk,frozen vegetables,,whole wheat rice,spinach,frozen vegetables,herb & pepper,,mineral water,herb & pepper,ground beef,tomatoes,shrimp,spaghetti,ground beef,olive oil,ground beef,mineral water,spaghetti,tomatoes,yams,frozen vegetables,chocolate,mineral water,spaghetti,spaghetti,tomatoes,,mineral water,butter,ground beef,mineral water,frozen vegetables,shrimp,shrimp,herb & pepper,shrimp,tomatoes,chocolate,ground beef,mineral water,spaghetti,ground beef,ground beef,mineral water,antioxydant juice,ground beef,olive oil,eggs,herb & pepper,light mayo,ground beef,salmon,mineral water,mineral water,frozen vegetables,ground beef,herb & pepper,ground beef,pancakes,cooking oil,herb & pepper,tomatoes,frozen vegetables,ground beef,frozen vegetables,shrimp,ground beef,tomatoes,frozen vegetables,ground beef,pepper,frozen vegetables,mineral water,herb & pepper,frozen vegetables,mineral water,spaghetti,shrimp,frozen vegetables,french fries,ground beef,mineral water,spaghetti,eggs,milk,fromage blanc,spaghetti,herb & pepper,spaghetti,frozen vegetables,tomatoes,spaghetti,mineral water,,mineral water,pancakes,,gums,oil,mineral water,herb & pepper,ground beef,herb & pepper,red wine,mineral water,french fries,,spaghetti,ground beef,energy bar,tomatoes,red wine,frozen vegetables,frozen vegetables,ground beef,low fat yogurt,herb & pepper,frozen vegetables,chocolate,spaghetti,honey,spaghetti,whole wheat pasta,mineral water,ground beef,,,tomato juice,whole wheat rice,ground beef,ground beef,frozen vegetables,chutney,tomato sauce,chocolate,herb & pepper,,herb & pepper,herb & pepper,frozen vegetables,ground beef,spinach,ground beef,ground beef,spaghetti,herb & pepper,herb & pepper,spaghetti,ground beef,frozen vegetables,escalope,herb & pepper,chocolate,,shrimp,energy bar,shrimp,cookies,,low fat yogurt,,chocolate,herb & pepper,olive oil,ground beef,shrimp,yams,cookies,whole wheat pasta,herb & pepper,frozen vegetables,,mineral water,spaghetti,spaghetti,herb & pepper,ground beef,shrimp,pepper,chocolate,mineral water,green tea,herb & pepper,cooking oil,herb & pepper,frozen vegetables,red wine,spaghetti,salmon,shrimp,ground beef,,mineral water,mineral water,spaghetti
52,green beans,,champagne,escalope,chocolate,low fat yogurt,salad,,
53,green grapes,gums,chocolate,cooking oil,hand protein bar,,french fries,chocolate
54,green tea,,,tomato juice,,,protein bar,strawberries,cottage cheese,,french fries,,,frozen smoothie,champagne,,,,,,,,,french fries,pancakes,,,,,,,,,,frozen smoothie,,,,,,,french fries,,,fresh bread,,,,,escalope,,zucchini,mint,,,french fries,,,,,,,,,tea,,,,,mushroom cream sauce,french fries,,french fries,,,,,,,,chocolate,,,salad,frozen smoothie,,,,,,,,,,,french fries,chocolate,
55,ground beef,spaghetti,energy bar,tomato sauce,spaghetti,mineral water,,mineral water,pancakes,yams,chicken,spaghetti,spaghetti,yams,whole wheat rice,mineral water,spaghetti,spaghetti,mineral water,mineral water,mint,avocado,pepper,olive oil,mineral water,spaghetti,spaghetti,,olive oil,,almonds,mineral water,mineral water,spaghetti,mineral water,pepper,frozen smoothie,chocolate,spaghetti,green tea,whole wheat rice,spaghetti,spaghetti,honey,mineral water,meatballs,spaghetti,,,mushroom cream sauce,spaghetti,spaghetti,chocolate,,spaghetti,mineral water,pancakes,green beans,vegetables mix,soup,pepper,pepper,milk,milk,,tomato sauce,mineral water,chocolate,tomato sauce,spaghetti,pasta,cake,milk,spaghetti,mineral water,milk,tomato sauce,spaghetti,mineral water,,mineral water,mineral water,pepper,pepper,mineral water,pepper,spaghetti,mineral water,,mineral water,gums,butter,butter,mineral water,spaghetti,mineral water,,,green tea,olive oil,,mineral water,tomato sauce,spaghetti,eggs,whole wheat rice,soup,,mineral water,spaghetti,spaghetti,spaghetti,pepper,chocolate,mineral water,spaghetti,spaghetti,,spaghetti,spaghetti,spaghetti,spaghetti,spaghetti,tomato sauce,french fries,pepper,mineral water,spaghetti,,spaghetti,yams,french fries,spaghetti,olive oil,,spaghetti,cookies,spaghetti,spaghetti,spaghetti,black tea,spaghetti,tomato sauce,clothes accessories,mineral water,tomato sauce,tomato sauce,spaghetti,spaghetti,pepper,,spaghetti,mineral water,eggs,honey,spaghetti,pepper,pepper,mineral water,mineral water,tomato sauce,tomato sauce,spaghetti,spaghetti,spaghetti,escalope,pepper,olive oil,tomato sauce,milk,spaghetti,mineral water,mineral water,milk,yams,,spaghetti,mineral water,spaghetti,pancakes,spaghetti,,chocolate,salmon,spaghetti,spaghetti,mineral water,butter,pepper,mineral water,pepper,spaghetti,milk,spaghetti,cooking oil,pancakes,spaghetti,mineral water,,almonds,spaghetti,pepper,mineral water,milk,mineral water,corn,cookies,spaghetti,spaghetti,spaghetti,milk,mineral water,tomato sauce,milk,,chocolate,mineral water,spaghetti,chicken
56,gums,,,chocolate,,,escalope,cottage cheese,escalope,,escalope,,frozen smoothie
57,ham,soup,spaghetti,french wine,spaghetti,spaghetti,grated cheese,red wine,herb & pepper,spaghetti,herb & pepper,eggs,herb & pepper,spaghetti,ground beef,chocolate,spaghetti,herb & pepper,milk,red wine,escalope,spaghetti,mineral water,pepper,mineral water,shrimp,grated cheese,energy drink,burgers,grated cheese,frozen vegetables,herb & pepper,frozen vegetables,soup,shrimp,herb & pepper,spaghetti,ground beef,mineral water,pickles,shrimp,,chocolate,energy drink,spaghetti,,low fat yogurt,spaghetti,vegetables mix,avocado,turkey,ground beef,olive oil,ground beef,mineral water,eggs,herb & pepper,grated cheese,red wine,eggs,chocolate,tomatoes,frozen vegetables,ground beef,grated cheese,ground beef,spaghetti,tomatoes,ground beef,grated cheese,spaghetti,vegetables mix,pickles,shrimp,shrimp,spaghetti,chocolate,soup,eggs,milk,spaghetti,tomatoes,spaghetti,grated cheese,mineral water,eggs,grated cheese,mineral water,tomatoes,mineral water,mineral water,chocolate,burgers,frozen vegetables,chocolate,chocolate,spaghetti,red wine,,ground beef,ground beef,spaghetti,whole wheat rice,red wine,tomatoes,ground beef,muffins,red wine,herb & pepper,frozen vegetables,mineral water,whole wheat rice,cookies,salmon,spaghetti,mineral water,shrimp,chocolate,milk,ground beef,ground beef
58,hand protein bar,low fat yogurt,
59,herb & pepper,tomato sauce,whole wheat pasta,whole wheat pasta,shrimp,honey,red wine,,whole wheat pasta,spaghetti,frozen vegetables,ground beef,ground beef,frozen vegetables,red wine,shrimp,shrimp,shrimp,shrimp,shrimp,spaghetti,,mineral water,whole wheat pasta,tomatoes,eggs,,frozen vegetables,mineral water,ground beef,spaghetti,ground beef,frozen vegetables,ground beef,pet food,red wine,parmesan cheese,,parmesan cheese,chocolate,,frozen vegetables,spaghetti,ground beef,frozen vegetables,red wine,pancakes,whole wheat pasta,ground beef,ground beef,spaghetti,spaghetti,shrimp,shrimp,ground beef,shrimp,tomato sauce,spaghetti,nonfat milk,shrimp,mineral water,mint,frozen vegetables,parmesan cheese,olive oil,mineral water,shrimp,spaghetti,ground beef,ground beef,tomato sauce,milk,milk,shrimp,ground beef,frozen vegetables,ground beef,ground beef,,,spaghetti,spaghetti,ground beef,milk,pancakes,shrimp,ground beef,red wine,mineral water,shrimp,ground beef,escalope,spaghetti,whole wheat pasta,shrimp,tomatoes,,soup,shrimp,spaghetti,spaghetti,spaghetti,shrimp,ground beef,ground beef,ground beef,shrimp,tomatoes,,tomatoes,red wine,avocado,ground beef,shrimp,hot dogs,mineral water,pepper,spaghetti,spaghetti,shrimp,shrimp,ground beef,spaghetti,mineral water,ground beef,milk,,red wine,shrimp,,spaghetti,frozen vegetables,mineral water,yogurt cake,tomatoes,ground beef,shrimp,mineral water,eggs,tomatoes,cooking oil,,,ground beef,ground beef,spaghetti,red wine,whole wheat pasta,frozen vegetables,,ground beef,ground beef,eggs,chocolate,cereals,,mineral water,frozen vegetables,shrimp,shrimp,,whole wheat pasta,ground beef,ground beef,eggs,pepper,frozen vegetables,french fries,spaghetti,muffins,ground beef,olive oil,shrimp,frozen vegetables,shrimp,pepper,,black tea,champagne,red wine,frozen vegetables,mineral water,ground beef,tomatoes,frozen vegetables,ground beef,mineral water,ground beef,ground beef,mineral water,frozen vegetables,shrimp,french fries,mineral water,shrimp,mint green tea,ground beef,shrimp,black tea,tomatoes,tomato sauce,honey,cooking oil,spaghetti,chicken,whole wheat pasta,ground beef,mineral water,ground beef,,vegetables mix,ground beef,shrimp,shrimp,cider,spaghetti,ground beef,salmon,chicken,shrimp,,spaghetti,,mineral water,spaghetti,frozen vegetables,ground beef,ground beef,ground beef,ground beef,eggs,spaghetti,
60,honey,whole wheat rice,chocolate,,french fries,,light cream,,cookies,escalope,pancakes,,cottage cheese,,whole wheat rice,chocolate,escalope,champagne,whole wheat rice,gums,french fries,light cream,green tea,zucchini,energy drink,,champagne,champagne
61,hot dogs,,,,,,,salad,,,,,shampoo,light mayo,,,,pancakes,,,low fat yogurt,energy drink,,,,yogurt cake,yogurt cake,,
62,ketchup,
63,light cream,,chocolate,chicken,chicken,
64,light mayo,,,,,,,candy bars,,,tomato juice,
65,low fat yogurt,,,,,,,,,,,,,,,,,candy bars,,,,,,,,,,,,,,,,,,,,,,,,,,,,,
66,magazines,mint,,,,
67,mashed potato,,
68,mayonnaise,,,,
69,meatballs,milk,milk,green tea,,green tea,,yogurt cake,french wine,tea,eggplant,black tea,cake,eggs,,,butter,pancakes,cake,muffins,,,whole wheat rice,milk,french wine,bug spray,olive oil,green tea,honey,mint green tea,whole wheat rice,almonds,energy drink,eggs
70,melons,,,,candy bars,,,,
71,milk,bacon,,,eggs,pancakes,eggs,chocolate,frozen smoothie,chocolate,cake,bug spray,tomato juice,energy drink,,,energy bar,whole wheat rice,cooking oil,olive oil,low fat yogurt,butter,hand protein bar,pancakes,cake,chicken,eggs,,,energy bar,,salmon,cooking oil,,pancakes,green tea,chocolate,butter,eggs,yogurt cake,butter,,muffins,eggs,cake,green tea,escalope,chocolate,eggs,cake,brownies,nonfat milk,olive oil,eggs,cider,champagne,eggs,butter,,chicken,eggs,energy bar,,salmon,champagne,french wine,salmon,french wine,flax seed,salmon,energy bar,muffins,whole wheat rice,,olive oil,whole wheat rice,,,butter,hot dogs,,,energy bar,,,frozen smoothie,honey,eggs,eggs,sparkling water,green tea,,chocolate,chocolate,,butter,green beans,cooking oil,chocolate,chicken,cake,french fries,fromage blanc,chocolate,chicken,,frozen smoothie,,cookies,eggs,,,eggs,green grapes,eggs,,chocolate,,cooking oil,energy bar,cooking oil,pancakes,almonds,energy drink,chocolate,black tea,chicken,,french fries,cottage cheese,cake,vegetables mix,melons,chocolate,,black tea,cookies,chocolate,brownies,vegetables mix,cooking oil,french fries,,chicken,eggplant,cider,escalope,escalope,low fat yogurt,energy drink,eggs,pancakes,cottage cheese,cookies,fresh bread,shallot,yogurt cake,oil,flax seed,french fries,,strawberries,salmon,butter,eggs,cookies,bug spray,chocolate,light cream,olive oil,salmon,clothes accessories,,tea,,eggs,nonfat milk,champagne,vegetables mix,body spray,chicken,
72,mineral water,milk,salmon,,eggs,chocolate,cake,chicken,bug spray,chocolate,energy bar,barbecue sauce,olive oil,energy bar,vegetables mix,french fries,tomato juice,,green grapes,,,oil,honey,eggs,chicken,chicken,avocado,soup,,milk,,,,mushroom cream sauce,fromage blanc,,eggs,pancakes,french wine,almonds,vegetables mix,whole wheat rice,soup,cake,milk,,avocado,cake,strawberries,milk,milk,butter,body spray,eggs,almonds,soup,chicken,cake,eggs,olive oil,vegetables mix,low fat yogurt,chocolate,,rice,honey,cake,eggs,salmon,french fries,whole wheat rice,,salmon,eggplant,milk,energy bar,milk,whole wheat rice,honey,meatballs,chicken,chocolate,french fries,milk,green tea,eggs,energy bar,soup,salmon,,milk,eggs,avocado,,eggs,cookies,salmon,milk,milk,soup,honey,chocolate,,eggs,chocolate,,,avocado,cake,,whole wheat rice,milk,soup,chocolate,cooking oil,soup,escalope,olive oil,chocolate,mint,,milk,cooking oil,cake,chicken,,energy drink,french fries,milk,whole wheat rice,french fries,meatballs,french fries,pancakes,,milk,energy bar,french wine,olive oil,soup,soup,,chocolate,meatballs,milk,milk,honey,milk,energy bar,cake,cake,cereals,milk,meatballs,,green tea,whole wheat rice,chocolate,milk,cider,salmon,tea,,whole wheat rice,milk,energy bar,eggs,pancakes,low fat yogurt,olive oil,vegetables mix,soup,,soup,,salmon,eggs,frozen smoothie,cake,salmon,soup,whole wheat rice,green grapes,,melons,eggplant,low fat yogurt,milk,almonds,avocado,vegetables mix,cake,cereals,fresh bread,,energy drink,energy bar,avocado,chicken,,salmon,vegetables mix,black tea,fromage blanc,avocado,,eggs,pancakes,cake,soup,cake,chocolate,milk,butter,,cake,,cake,carrots,milk,chocolate,,avocado,olive oil,frozen smoothie,chicken,chicken,,salmon,soup,cake,soda,chocolate,eggs,,,,olive oil,,nonfat milk,,chocolate,eggs,black tea,pancakes,meatballs,avocado,soup,pancakes,olive oil,eggs,eggs,eggs,chocolate,,eggs,light cream,vegetables mix,chutney,brownies,champagne,chocolate,milk,milk,olive oil,,energy bar,honey,gums,cottage cheese,soup,frozen smoothie,chicken,carrots,,,,honey,avocado,cake,olive oil,avocado,eggs,olive oil,soup,milk,extra dark chocolate,,,soup,chocolate,eggs,pancakes,,chocolate,soup,chicken,salmon,french wine,mint green tea,avocado,,olive oil,avocado,energy bar,candy bars,chocolate,milk,whole wheat rice,eggs,green tea,cookies,whole wheat rice,green tea,chocolate,black tea,frozen smoothie,eggs,chocolate,eggs,cake,milk,soup,eggs,fromage blanc,chocolate,salmon,whole wheat rice,,avocado,,,eggs,,black tea,avocado,honey,chocolate,chocolate,chocolate,,chicken,,cooking oil,pancakes,whole wheat rice,escalope,vegetables mix,low fat yogurt,,frozen smoothie,milk,milk,whole wheat rice,honey,ham,french wine,cereals,fromage blanc,whole wheat rice,,cereals,eggs,milk,escalope,meatballs,pancakes,soup,chocolate,chicken,,milk,milk,eggs,nonfat milk,,whole wheat rice,eggs,chocolate,chocolate,eggs,,meatballs,olive oil,meatballs,escalope,honey,,soup,bacon,antioxydant juice,eggs,milk,olive oil,soup,,salmon,,chicken,cake,avocado,chocolate,olive oil,escalope,olive oil,,meatballs,chocolate,oatmeal,body spray,milk,olive oil,cooking oil,french fries,cereals,cooking oil,energy bar,cooking oil,,chocolate,whole wheat rice,gums,,pancakes,milk,milk,,olive oil,energy bar,,body spray,,avocado,eggs,avocado,low fat yogurt,muffins,cake,french fries,salmon,corn,avocado,chicken,energy bar,rice,,milk,chocolate,eggs,olive oil,mint,eggs,milk,chocolate,soup,avocado,fromage blanc,french fries,soup,champagne,eggplant,salmon,milk,butter,avocado,whole wheat rice,muffins,green tea,almonds,chocolate,,olive oil,eggs,,,,eggs,oil,soup,chocolate,milk,,,chocolate,cookies,barbecue sauce,eggs,eggs,carrots,mayonnaise,french fries,yogurt cake,,,whole wheat rice,chocolate,cooking oil,,,soup,cake,chocolate,,chocolate,chicken,vegetables mix,soup,,,whole wheat rice,,rice,body spray,muffins,soup,milk,whole wheat rice,eggs,milk,,soup,meatballs,eggs,eggs,energy drink,cake,mint green tea,chocolate,avocado,gums,milk,,chicken,sparkling water,vegetables mix,green tea,cake,,,muffins,milk,,,pancakes,meatballs,,fresh bread,salmon,french fries,vegetables mix,whole wheat rice,chocolate,chocolate,milk,fresh bread,green tea,milk,green tea,soup,milk,eggplant,energy bar,meatballs,milk,,hot dogs,french fries,french wine,,flax seed,vegetables mix,chocolate,,black tea,extra dark chocolate,avocado,cake,chocolate
73,mint,,,,,,,,,green tea,
74,mint green tea,,,candy bars,cookies,cottage cheese,
75,muffins,eggs,,,,,chicken,,eggs,low fat yogurt,,,cottage cheese,,green tea,champagne,hot dogs,french fries,,,chicken,blueberries,french fries,french fries,chocolate,french fries,gluten free bar,green grapes,,strawberries,cookies,,,,,oil,low fat yogurt,sandwich,eggs,gums,escalope,french fries,,,,whole wheat rice,honey,honey,cookies,,,whole wheat rice,green grapes,french fries,cauliflower,cereals,,white wine,,,eggs,pancakes,french fries,,whole wheat rice,,,pancakes,honey,
76,mushroom cream sauce,,yogurt cake,,,,,sandwich
77,nonfat milk,low fat yogurt,cookies,,tomato juice,escalope,,,cookies,eggs,chicken,,gluten free bar,escalope,
78,oatmeal,french fries
79,oil,,shampoo,salt,,,,salad,,frozen smoothie,cooking oil,,,,frozen smoothie,chocolate,french fries,,,escalope,,light mayo,cookies,carrots,
80,olive oil,cookies,cake,energy drink,,chicken,,energy bar,,energy bar,,hot dogs,,zucchini,,extra dark chocolate,rice,french fries,salad,,cake,,light mayo,almonds,pancakes,flax seed,light mayo,pancakes,,,clothes accessories,eggs,,antioxydant juice,pancakes,eggs,cake,salmon,cooking oil,,salmon,,cottage cheese,,salmon,salmon,eggs,chutney,salmon,,light mayo,brownies,,muffins,,low fat yogurt,butter,,fresh bread,,,,,low fat yogurt,butter,,salmon,eggs
81,pancakes,,whole wheat rice,eggs,eggs,,,,eggs,,tomato juice,,melons,energy drink,,eggs,eggs,light mayo,,,mint,cereals,,eggs,energy drink,salt,french fries,cooking oil,eggs,,fresh bread,,champagne,white wine,,light mayo,,,,eggs,honey,cookies,,,,,,yogurt cake,,energy drink,,yogurt cake,cake,,cake,hot dogs,french fries,,,whole wheat rice,,gluten free bar,cookies,,mint,,,light mayo,,,cake,,,,eggs,,,,,champagne,light mayo
82,parmesan cheese,spaghetti,ground beef,ground beef,french fries,spaghetti,mineral water,,soda,milk,spaghetti,whole wheat rice,pancakes,cake,ground beef,ground beef,mineral water,mineral water,ground beef,whole wheat pasta,hot dogs,chocolate,spaghetti,spaghetti,eggs,ground beef,mineral water,whole wheat pasta,whole wheat pasta,whole wheat pasta,whole wheat pasta,spaghetti,,whole wheat rice,chicken,rice,french wine,frozen smoothie,,french wine,whole wheat rice,avocado,hot dogs,ground beef,pancakes,eggs,cake,chicken,shallot,whole wheat pasta,whole wheat pasta,champagne
83,pasta,,,,,energy drink,,,,,,gluten free bar,
84,pepper,french fries,chocolate,mineral water,spaghetti,frozen smoothie,mineral water,spaghetti,tomato sauce,mineral water,pancakes,,spaghetti,burger sauce,green tea,chocolate,milk,spaghetti,chocolate,eggs,mineral water,cider,milk,mineral water,milk,spaghetti,spaghetti,blueberries,milk,,,bacon,cereals,cookies,mineral water,mineral water,mineral water,,spaghetti,mineral water,vegetables mix,spaghetti,spaghetti,spaghetti,mineral water,,mineral water,olive oil,spaghetti,mineral water,mineral water,honey,spaghetti,spaghetti,whole wheat rice,spaghetti,mineral water,spaghetti,oil,spaghetti,frozen smoothie,olive oil
85,pet food,,,green beans,french fries,cottage cheese,
86,pickles,spaghetti,champagne,ground beef,burgers,spaghetti,spaghetti,herb & pepper,frozen vegetables,shrimp,champagne,french fries,tomatoes,frozen vegetables,tomatoes,melons,,herb & pepper,chocolate,vegetables mix,frozen smoothie,cereals,light mayo,turkey,herb & pepper,herb & pepper,,chicken,antioxydant juice,avocado,,eggs,herb & pepper,mineral water,spaghetti,chocolate,parmesan cheese,,tomatoes
87,protein bar,,,,,tomato juice,,,,,fresh bread,hand protein bar,,tomato juice,
88,red wine,shrimp,ground beef,spaghetti,ground beef,honey,french wine,,mineral water,shrimp,ground beef,pancakes,ground beef,butter,mineral water,spaghetti,,,shrimp,cake,extra dark chocolate,shrimp,spaghetti,tomatoes,,shrimp,mineral water,gums,eggs,mineral water,mineral water,mineral water,milk,ground beef,shrimp,ground beef,frozen vegetables,tomatoes,french wine,frozen smoothie,ground beef,spaghetti,french wine,spaghetti,candy bars,mineral water,ketchup,tomatoes,spaghetti,cookies,mineral water,mineral water,yams,avocado,frozen vegetables,frozen vegetables,,frozen vegetables,frozen vegetables,ground beef,barbecue sauce,,spaghetti,black tea,ground beef,cake,tomatoes,parmesan cheese,flax seed,chocolate,spaghetti,cooking oil,mineral water,spaghetti,spaghetti,olive oil,chicken,,pepper,whole wheat pasta,mineral water,ground beef,mineral water,avocado,ground beef,,,green tea,whole wheat pasta,mineral water,shrimp,shrimp,spaghetti,,rice,frozen vegetables,spaghetti,tomatoes,shrimp,eggs,mineral water,salmon,ground beef,mineral water,ground beef,whole wheat pasta,tomatoes,carrots,vegetables mix,mineral water,ground beef,yams,ground beef,whole wheat pasta,frozen vegetables,black tea,spaghetti,spaghetti,spaghetti,parmesan cheese,ground beef,french fries,honey,tomato sauce
89,rice,sparkling water,,burger sauce,frozen smoothie,french fries,,,,chocolate bread,french fries
90,salad,,,
91,salmon,,escalope,escalope,whole wheat rice,,green tea,chicken,,vegetables mix,eggs,,,pancakes,cooking oil,cooking oil,vegetables mix,chocolate,,eggs,french fries,,,,light cream,,yogurt cake,,nonfat milk,melons
92,salt,tomato juice,fresh bread,,,green tea,,
93,sandwich,,salt,,,,,,
94,shallot,,,,
95,shampoo,babies food
96,shrimp,chocolate,pasta,pasta,pasta,pasta,pasta,pasta,pasta,pasta,pasta,mineral water,frozen vegetables,butter,spaghetti,whole wheat pasta,cider,chocolate,salmon,frozen vegetables,frozen vegetables,spaghetti,soup,frozen vegetables,parmesan cheese,tomato sauce,frozen vegetables,mineral water,pepper,spaghetti,frozen vegetables,fresh bread,spaghetti,spaghetti,pepper,whole wheat pasta,honey,mineral water,chocolate,milk,spaghetti,parmesan cheese,chocolate,frozen vegetables,frozen vegetables,milk,body spray,parmesan cheese,frozen vegetables,spaghetti,milk,spaghetti,tomatoes,spinach,vegetables mix,champagne,mineral water,tomatoes,frozen vegetables,spaghetti,mineral water,frozen vegetables,green tea,mineral water,frozen vegetables,spaghetti,spaghetti,frozen vegetables,pasta,frozen vegetables,spaghetti,butter,frozen vegetables,butter,ground beef,eggs,frozen vegetables,mineral water,tomatoes,tomatoes,tomatoes,frozen vegetables,whole wheat pasta,spaghetti,honey,frozen vegetables,mineral water,mineral water,frozen vegetables,tomatoes,tomatoes,mineral water,babies food,frozen vegetables,tomatoes,frozen vegetables,light cream,frozen vegetables,soup,frozen vegetables,frozen vegetables,mineral water,frozen vegetables,mineral water,eggs,milk,frozen vegetables,spaghetti,tomatoes,eggs,spaghetti,french fries,ground beef,frozen vegetables,,ground beef,tomatoes,frozen vegetables,mineral water,frozen vegetables,frozen vegetables,frozen vegetables,frozen vegetables,frozen vegetables,ground beef,mineral water,chocolate,tomatoes,tomato sauce,,frozen vegetables,black tea,frozen vegetables,black tea,frozen vegetables,energy drink,cake,spaghetti,mineral water,frozen vegetables,mineral water,ground beef,mineral water,milk,tomatoes,mineral water,frozen vegetables,green grapes,pepper,spaghetti,ground beef,avocado,frozen vegetables,tomatoes,ground beef,light mayo,milk,tomatoes,frozen vegetables,tomatoes,pancakes,frozen vegetables,frozen vegetables,frozen vegetables,frozen vegetables,,mineral water,frozen vegetables,mineral water,chocolate,extra dark chocolate,frozen vegetables,soup,frozen vegetables,frozen vegetables,spaghetti,tomatoes,frozen vegetables,avocado,tomatoes,milk,spaghetti,pepper,tomatoes,tomatoes,soup,,ground beef,champagne,whole wheat pasta,tomatoes,ground beef,tomatoes,frozen vegetables,ground beef,spaghetti,frozen vegetables,milk,eggs,tomatoes,,soup,tomatoes,frozen vegetables,spaghetti,pancakes,ground beef,ground beef,frozen vegetables,frozen vegetables,ground beef,frozen vegetables,spaghetti,spaghetti,ground beef,ground beef,ground beef,whole wheat pasta,spaghetti,french fries,tomatoes,spaghetti,spaghetti,chocolate,frozen vegetables,low fat yogurt,pepper,tomatoes,,yams,olive oil,ground beef,ground beef,frozen vegetables,eggs,frozen vegetables,parmesan cheese,mineral water,whole wheat pasta,spaghetti,frozen vegetables,avocado,energy drink,green tea,frozen vegetables,tomatoes,mineral water,,tomato juice,barbecue sauce,frozen vegetables,frozen vegetables,frozen vegetables,mineral water,ground beef,ground beef,mineral water,frozen vegetables,pepper,tomatoes,gums,spaghetti,tomatoes,oil,frozen vegetables,oil,frozen vegetables,french fries,tomatoes,spaghetti,flax seed,frozen vegetables,eggs,pepper,spaghetti,tomatoes,frozen vegetables,,gums,carrots,chocolate,frozen vegetables,whole wheat rice,frozen vegetables,cereals,mineral water,frozen vegetables,whole wheat pasta,frozen vegetables,milk,spaghetti,frozen vegetables,vegetables mix,ground beef,frozen vegetables,milk,,spaghetti,,olive oil,spaghetti,,ground beef,mineral water,frozen vegetables,mineral water,mineral water,parmesan cheese,milk,energy drink,french wine,meatballs,,frozen vegetables,,frozen vegetables,pepper,tomatoes,,mineral water,pasta,pasta,pasta,pasta,pasta
97,soda,oil,cottage cheese,escalope,,cereals,,cottage cheese,,hot dogs,white wine,
98,soup,light cream,meatballs,avocado,chicken,bug spray,eggs,energy bar,olive oil,meatballs,butter,escalope,,meatballs,blueberries,olive oil,milk,olive oil,oatmeal,,barbecue sauce,fromage blanc,chocolate,milk,,milk,milk,french fries,cookies,olive oil,fresh bread,avocado,milk,,,body spray,cereals,ham,butter,avocado,honey,olive oil,,milk,milk,french fries,milk,butter,green tea,chicken,,clothes accessories,eggs,light cream,eggs,olive oil,hot dogs,strong cheese,olive oil,milk,energy bar,milk,pet food,avocado,,muffins,milk,frozen smoothie,melons,olive oil,eggs,avocado,milk,chicken,soda,white wine,strawberries,milk,milk
99,spaghetti,champagne,mineral water,,,chocolate,muffins,chocolate,,mineral water,milk,chocolate,chocolate,meatballs,mushroom cream sauce,mineral water,mineral water,antioxydant juice,mineral water,hot dogs,olive oil,yams,green tea,milk,cooking oil,,soup,mineral water,escalope,,eggs,soup,,chicken,mineral water,olive oil,mineral water,mineral water,champagne,mineral water,strawberries,mineral water,meatballs,olive oil,mineral water,milk,,chicken,milk,soup,milk,eggs,,pancakes,chicken,champagne,mineral water,oil,eggs,chocolate,olive oil,milk,eggs,mineral water,pancakes,olive oil,eggs,chicken,,whole wheat rice,vegetables mix,mineral water,yams,french fries,soup,pancakes,cake,mineral water,whole wheat rice,salmon,milk,avocado,milk,mineral water,,mineral water,mineral water,mineral water,escalope,energy bar,mineral water,olive oil,,honey,,,milk,eggs,french fries,butter,,chicken,mineral water,mineral water,oil,,chocolate,mineral water,cake,eggs,,,mineral water,honey,strong cheese,french fries,mineral water,cooking oil,mineral water,french wine,mineral water,french fries,honey,,mineral water,avocado,soup,,mint,fromage blanc,mineral water,chocolate,nonfat milk,mineral water,,hot dogs,,energy drink,cooking oil,antioxydant juice,champagne,,green tea,eggs,low fat yogurt,honey,mineral water,mineral water,butter,chocolate,salmon,,salmon,mineral water,eggs,nonfat milk,mineral water,mineral water,energy bar,whole weat flour,honey,,milk,,,olive oil,milk,olive oil,mineral water,mineral water,mineral water,mineral water,corn,mineral water,strawberries,,eggs,mineral water,milk,mineral water,eggs,,olive oil,eggplant,mineral water,milk,escalope,mineral water,meatballs,mineral water,soup,mineral water,bug spray,milk,body spray,black tea,mineral water,eggs,meatballs,mineral water,mineral water,flax seed,,olive oil,eggs,avocado,mineral water,chicken,whole wheat rice,,mineral water,,gums,soup,frozen smoothie,green tea,mineral water,mineral water,mineral water,mineral water,mineral water,chicken,chocolate,yams,mineral water,muffins,,honey,mineral water,french wine,mineral water,mineral water,mineral water,,escalope,mineral water,soup,mineral water,,mineral water,chocolate,chicken,eggs,mineral water,chocolate,mineral water,fresh bread,chutney,low fat yogurt,,honey,mineral water,,flax seed,vegetables mix,black tea,milk,gluten free bar,soup,,extra dark chocolate,mineral water,mineral water,,,mineral water,mineral water,butter,salmon,eggs,mineral water,,eggs,mineral water,,mineral water,blueberries,mineral water,avocado,,pancakes,nonfat milk,whole weat flour,mineral water,milk,chocolate,mineral water,spinach,mineral water,yams,mineral water,olive oil,,escalope,mineral water,mineral water,,cake,,mineral water,yams,,,whole wheat rice,mineral water,mineral water,,meatballs,escalope,mineral water,milk,vegetables mix,mineral water,whole wheat rice,meatballs,french fries,,mineral water,mineral water,eggs,mineral water,,mineral water,mineral water,mineral water,mineral water,french wine,muffins,soup,mineral water,meatballs,chocolate,chocolate,black tea,mineral water,mineral water,black tea,mineral water,,mineral water,blueberries,,vegetables mix,flax seed,chicken,pancakes,eggs,mineral water,avocado,milk,chocolate,almonds,salmon,butter,cider
100,sparkling water,,light mayo,energy drink,
101,spinach,mint,chocolate,,eggs,eggs,melons,,ketchup
102,strawberries,,,fresh bread,,,,,,,,,,melons,energy drink,,yogurt cake,energy drink,tomato juice,,melons,fresh bread,green tea,pancakes,
103,strong cheese,salmon,,tomato juice,strawberries,vegetables mix,french fries,protein bar
104,tomato juice,,,,,mayonnaise,candy bars,,,,,,
105,tomato sauce,light mayo,chocolate,milk,spaghetti,,mint,soup,oil,,mineral water,champagne,,chocolate,spaghetti,spaghetti,mineral water,mineral water,mineral water,mineral water,spaghetti,yams,spaghetti,olive oil,chocolate
106,tomatoes,spaghetti,champagne,mineral water,mineral water,mineral water,mineral water,almonds,spaghetti,ground beef,soup,spaghetti,ground beef,,ground beef,milk,spaghetti,ground beef,whole weat flour,mineral water,mineral water,chocolate,blueberries,,mineral water,soup,mineral water,green tea,ground beef,milk,fresh bread,,avocado,,whole wheat pasta,ground beef,burger sauce,chicken,pancakes,cooking oil,spaghetti,french fries,french fries,soup,cake,pepper,milk,spaghetti,mineral water,eggs,ground beef,milk,mineral water,ground beef,ground beef,milk,spaghetti,ground beef,mineral water,escalope,spaghetti,mineral water,mineral water,soda,milk,,mineral water,,parmesan cheese,spaghetti,black tea,cookies,whole wheat pasta,ground beef,ground beef,whole wheat pasta,eggs,whole weat flour,honey,whole wheat pasta,,mineral water,whole wheat rice,milk,frozen smoothie,mineral water,spaghetti,muffins,pepper,eggs,mineral water,ground beef,eggs,pepper,ground beef,spaghetti,rice,,strawberries,,mineral water,mineral water,mineral water,chocolate,butter,ground beef,eggs,spaghetti,ground beef,ground beef,spaghetti,ground beef,,green tea,mineral water,,eggs,energy bar,milk,spaghetti,mineral water,mineral water,meatballs,french fries,french fries,flax seed,french fries,olive oil,spaghetti,cookies,,french fries,olive oil,chocolate,meatballs,mineral water,spaghetti,champagne,eggs,french fries,cake,cake,ground beef,mineral water,,spaghetti,ground beef,french fries,ground beef,mineral water,spaghetti,vegetables mix,,mineral water,whole wheat pasta,spaghetti,chocolate,mineral water,mineral water,spaghetti,,vegetables mix,mineral water,avocado,milk,ground beef,butter,pepper,champagne,cooking oil,ground beef,,cookies,salt,soup,parmesan cheese,ground beef,mineral water,mineral water,spaghetti,eggs,energy bar,spaghetti,,ground beef,parmesan cheese,chocolate,parmesan cheese,milk,flax seed,chocolate,whole wheat pasta,butter,green tea,spaghetti,meatballs,chocolate,,fromage blanc,tomato sauce,low fat yogurt,spaghetti,mineral water,chicken,tomato juice,whole wheat pasta,muffins,butter,mineral water,spaghetti,,almonds,tomato sauce
107,toothpaste,,,,
108,turkey,avocado,burgers,eggs,fresh tuna,french fries,fresh tuna,frozen vegetables,eggs,ham,burgers,herb & pepper,burgers,eggs,shrimp,tomatoes,herb & pepper,spaghetti,spaghetti,eggs,mineral water,burgers,burgers,milk,eggs,burgers,ground beef,cooking oil,french fries,,eggs,frozen vegetables,mineral water,burgers,ground beef,burgers,ground beef,shrimp,shrimp,red wine,fresh tuna,tomatoes,herb & pepper,parmesan cheese,eggs,eggs,shrimp,red wine,cookies,grated cheese,burgers,herb & pepper,ground beef,french fries,burgers,shrimp,ground beef,sparkling water,grated cheese,red wine,eggs,shrimp,chocolate,pepper,mineral water,spaghetti,mineral water,tomatoes,burgers,frozen vegetables,shrimp,tomato sauce,ground beef,burgers,frozen vegetables,mineral water,tomatoes,herb & pepper,burgers,spaghetti,burgers,ham,whole wheat pasta,yams,escalope,burgers,grated cheese,mineral water,whole wheat rice,ground beef,fresh tuna,green grapes,milk,burgers,vegetables mix,grated cheese,shrimp,tomatoes,spaghetti,burgers,tomatoes,red wine,eggs,honey,,spaghetti,shrimp,burgers,pancakes,grated cheese,red wine,mineral water,pepper,tomatoes,mineral water,eggs,herb & pepper,burgers,pepper,,spinach,burgers,burgers,burgers,chocolate,spaghetti,fresh tuna,frozen vegetables,shrimp,burgers,burgers,eggs,eggs,chocolate,ham,pancakes,ground beef,tomatoes,mineral water,candy bars,tomatoes,spaghetti,burgers,mineral water,shrimp,frozen vegetables,herb & pepper,red wine,grated cheese,honey,burgers,eggs,burgers,burgers,grated cheese,burgers,eggs,,ground beef,escalope,herb & pepper,whole wheat rice,soup,ground beef,grated cheese,grated cheese,grated cheese,frozen vegetables,spaghetti,red wine,ham,,tomatoes,eggs,burgers,chutney,grated cheese,burgers,french fries,butter,chocolate,eggs,burgers,grated cheese,cooking oil,spaghetti,burgers,pepper,spaghetti,olive oil,shrimp,ground beef,burgers,frozen vegetables,mineral water,whole wheat pasta,eggs,burgers,avocado,spaghetti,eggs,burgers,burgers,eggs,chocolate,shrimp,black tea,eggs,red wine,eggs,honey,spaghetti,frozen vegetables,eggs,mineral water,grated cheese,frozen vegetables,frozen vegetables,ham,,eggs,french fries,tomatoes,,shrimp,ground beef,grated cheese,burgers,frozen vegetables,ground beef,burgers,frozen vegetables,ham,ground beef,shrimp,escalope,burgers,shrimp,ground beef,,tomatoes,french fries,burgers,herb & pepper,red wine,chocolate,burgers,eggs,escalope,grated cheese,ground beef,tomatoes,ham,olive oil,spaghetti,pancakes,fresh tuna,soup,spaghetti,burgers,burgers,burgers,spaghetti,burgers,eggs,mineral water,mineral water,frozen vegetables,chocolate,,shrimp,burgers,burgers,herb & pepper,mineral water,burgers,burgers,frozen vegetables,chocolate,frozen vegetables,ham,frozen vegetables,mineral water,spaghetti,frozen vegetables,red wine,fresh tuna,frozen vegetables,eggs,bacon,fromage blanc,herb & pepper,red wine,burgers,herb & pepper,frozen vegetables,mineral water,grated cheese,red wine,shrimp,fresh tuna,mineral water,ham,burgers,shrimp,eggs,mineral water,tomatoes,soup,spaghetti,tomatoes,pickles,burgers,herb & pepper,tomatoes,herb & pepper,tomatoes,ham,herb & pepper,ham,burgers,spaghetti,burgers,burgers,burgers,ham,spaghetti,black tea,mineral water,eggs,eggs,burgers,frozen vegetables,pepper,yams,burgers,shrimp,ham,herb & pepper,herb & pepper,meatballs,,,spaghetti,mineral water,eggs,herb & pepper,shrimp,spaghetti,spaghetti,shrimp,fresh tuna,frozen vegetables,shrimp,milk,mineral water,tomatoes,cooking oil,burgers,grated cheese,mineral water,spaghetti,pepper,ground beef,red wine,fresh tuna,ham,,herb & pepper,parmesan cheese,avocado,cake,tomato juice,green tea,,herb & pepper,eggs,frozen vegetables,eggs,champagne,burgers,spaghetti,ham,soup,green tea,mineral water,chicken,grated cheese,pepper,grated cheese,mineral water,burgers,burgers,whole wheat pasta,pancakes,burgers,burgers,frozen vegetables,eggs,ham,herb & pepper,grated cheese,melons,grated cheese,fresh tuna,mineral water,blueberries,spinach,grated cheese,spinach,ground beef,spaghetti,shrimp,eggs,olive oil,parmesan cheese,frozen vegetables,grated cheese,herb & pepper,parmesan cheese,fromage blanc,frozen vegetables,cooking oil,mineral water,mineral water,ground beef,mineral water,shrimp,burgers,burgers,pepper,herb & pepper,ham,eggs,green grapes,red wine,tomatoes,milk,burgers,frozen vegetables,burgers,chocolate,burgers,red wine,ham,frozen vegetables,burgers,burgers,ground beef,shrimp,mineral water,herb & pepper,soup,ham,burgers,shrimp,mineral water,ground beef,burgers
109,vegetables mix,champagne,antioxydant juice,oil,nonfat milk,eggs,cake,french fries,,escalope,,,,french fries,french fries,muffins,,eggs,asparagus,french fries,,energy drink,,,honey,,muffins,french fries,french fries,,,nonfat milk,soda,,energy drink,french fries,,cereals,cookies,muffins
110,white wine,,,,,,,
111,whole weat flour,green tea,cereals,french fries,brownies,tomato juice,,,
112,whole wheat pasta,french fries,ground beef,olive oil,ground beef,honey,green tea,antioxydant juice,yams,spaghetti,spaghetti,mineral water,mineral water,salmon,olive oil,mineral water,ground beef,ground beef,spaghetti,spaghetti,spaghetti,ground beef,strawberries,avocado,pepper,ground beef,spaghetti,ground beef,zucchini,bug spray,ground beef,mineral water,meatballs,ground beef,french fries,eggs,meatballs,,spaghetti,,ground beef,spaghetti,olive oil,ground beef,,,mineral water,olive oil,frozen smoothie,milk,eggs,spaghetti,spaghetti,cake,milk,ground beef,chocolate,yams,olive oil,olive oil,spaghetti,hot dogs,french fries,mineral water,milk,spaghetti,low fat yogurt,mineral water,energy bar,,spaghetti,milk,milk,milk,pasta,spaghetti,milk,butter,spaghetti,spaghetti,mineral water,milk,ground beef,mineral water,mineral water,salmon,,mineral water,milk,french fries,milk,olive oil,spaghetti,,spaghetti,mineral water
113,whole wheat rice,french fries,chicken,,,,oil,pancakes,yogurt cake,,cooking oil,frozen smoothie,,cake,chocolate,,chocolate,chocolate,,chocolate,chocolate,,cooking oil,clothes accessories,french fries,,,cookies,,french fries,rice,,cookies,chocolate bread,oatmeal,,ham,,,cake,french fries,chicken,,,hot dogs,,cake,cake
114,yams,mineral water,melons,cookies,mineral water,mineral water,carrots,mint,avocado,mineral water,fromage blanc,,,cake,,,french fries,mineral water,,,mineral water,frozen smoothie,,eggplant,
115,yogurt cake,,,,mint,,,,,honey,,,energy drink,,,,,candy bars,,,candy bars,,,low fat yogurt,,,,,,,,
